;news_header;news_date
0;TEGNA Shares Fall 9% YTD: How Should Investors Play the Stock?;2024-09-13
1;Validea Detailed Fundamental Analysis - NFLX;2024-09-13
2;Netflix (NASDAQ:NFLX) to Be Removed from Some Apple Devices;2024-09-13
3;Company News for Sep 12, 2024;2024-09-13
4;Guru Fundamental Report for NFLX;2024-09-13
5;Noteworthy Wednesday Option Activity: TSLA, COST, NFLX;2024-09-11
6;NFLX Factor-Based Stock Analysis;2024-09-11
7;Better Buy: Baidu or JD.com Stock;2024-09-11
8;Netflix (NFLX) Stock Slides as Market Rises: Facts to Know Before You Trade;2024-09-10
9;WWE Raw Will Be Three Hours Long on Netflix (NASDAQ:NFLX);2024-09-10
10;A New Paramount (NASDAQ:PARA) Starts to Emerge;2024-09-10
11;Stock Market News for Sep 10, 2024;2024-09-10
12;NFLX Quantitative Stock Analysis;2024-09-10
13;Notable ETF Outflow Detected - SPY, V, NFLX, BAC;2024-09-09
14;Will Parks & Cruises Lift Disney After 22% Stock Decline in 6 Months?;2024-09-09
15;Brokers Suggest Investing in Netflix (NFLX): Read This Before Placing a Bet;2024-09-09
16;Investors Heavily Search Netflix, Inc. (NFLX): Here is What You Need to Know;2024-09-09
17;Guru Fundamental Report for NFLX;2024-09-08
18;The Biggest Reason to Love Disney Stock Today;2024-09-07
19;Stocks Fall Sharply on Tech Sector Weakness and Disappointing US Payrolls;2024-09-06
20;Now Is the Time to Own Netflix (NASDAQ:NFLX) House;2024-09-06
21;Stocks Falter as Chip Stocks and Megacap Tech Stocks Slide;2024-09-06
22;Validea Detailed Fundamental Analysis - NFLX;2024-09-06
23;These 5 Stocks Can Help Supercharge Your Portfolio. Here's Why.;2024-09-05
24;1 Magnificent Mega-Cap Stock to Buy and Hold This September;2024-09-05
25;Guru Fundamental Report for NFLX;2024-09-05
26;Why the Market Dipped But Netflix (NFLX) Gained Today;2024-09-04
27;Warner Bros Discovery (NASDAQ:WBD) Plans Password Crackdown;2024-09-04
28;Notable Wednesday Option Activity: NFLX, COST, META;2024-09-04
29;NFLX Factor-Based Stock Analysis;2024-09-04
30;2 Stocks That Turned $1,000 into $1 Million (or More);2024-09-04
31;2 Entertainment Stocks For Your September 2024 Watchlist;2024-09-03
32;NFLX Quantitative Stock Analysis;2024-09-03
33;Disney (DIS) Third-Quarter Results Highlight Lasting Issues;2024-09-03
34;The 22 Best Stocks to Buy Now in September (2024);2024-09-02
35;Instead of Buying Soaring Streaming Stocks Like FuboTV, Consider Netflix and This Dirt Cheap Dow Jones Dividend Stock;2024-09-02
36;Guru Fundamental Report for NFLX;2024-09-01
37;Netflix Stock Just Quietly Hit a New All-Time High. 5 Reasons It Could Have Further to Climb.;2024-08-31
38;Netflix Stock (NASDAQ:NFLX) Gains after Pivotal Research Raises Price Target;2024-08-30
39;ProShares UltraPro QQQ Experiences Big Outflow;2024-08-30
40;Validea Detailed Fundamental Analysis - NFLX;2024-08-30
41;3 Stocks That Have Turned $6,000 Into More Than $1 Million in 20 Years;2024-08-30
42;Company News for Aug 29, 2024;2024-08-29
43;Netflix Soars 40.5% YTD: Will Slowing User Growth Pull the Stock Down?;2024-08-29
44;Netflix Soars 40.5% YTD: Will Slowing User Growth Pull the Stock Down?;2024-08-29
45;Guru Fundamental Report for NFLX;2024-08-29
46;Netflix (NFLX) Registers a Bigger Fall Than the Market: Important Facts to Note;2024-08-28
47;NFLX Factor-Based Stock Analysis;2024-08-28
48;Traders Brace for Massive Nvidia Stock Move Ahead of Earnings;2024-08-27
49;Netflix, Inc. (NFLX) is Attracting Investor Attention: Here is What You Should Know;2024-08-27
50;NFLX Quantitative Stock Analysis;2024-08-27
51;Should You Invest in the First Trust Dow Jones Internet ETF (FDN)?;2024-08-27
52;Apple Makes Hundreds of Billions From Selling iPhones. But How Much It Spends on an Unrelated Business Might Shock You.;2024-08-26
53;NTFX Stock Has Recovered and Is Now Entering the Video Game Realm;2024-08-25
54;Guru Fundamental Report for NFLX;2024-08-25
55;1 Spectacular Stock That Turned $10,000 Into $3.1 Million in 20 Years;2024-08-25
56;2 Top Tech Stocks to Buy in August;2024-08-24
57;The Bull Market Keeps Growing. 3 Reasons to Buy Amazon Like There's No Tomorrow.;2024-08-24
58;Notable Friday Option Activity: NFLX, META, GLNG;2024-08-23
59;Validea Detailed Fundamental Analysis - NFLX;2024-08-23
60;Verizon (VZ) Woos Customers With Free Netflix: Will the Stock Benefit?;2024-08-23
61;2 Growth Stocks to Buy and Hold Forever;2024-08-23
62;Why Netflix (NFLX) Dipped More Than Broader Market Today;2024-08-22
63;Wall Street Bulls Look Optimistic About Netflix (NFLX): Should You Buy?;2024-08-22
64;Guru Fundamental Report for NFLX;2024-08-22
65;Roku (NASDAQ:ROKU) Quietly Becomes a Streaming Powerhouse;2024-08-21
66;SPDR Portfolio S&P 500 Growth ETF Experiences Big Inflow;2024-08-21
67;The Trade Desk (TTD) Hits 52-Week High: To Buy or Not to Buy?;2024-08-21
68;NFLX Factor-Based Stock Analysis;2024-08-21
69;Netflix Shares Gain On 150% Plus Rise In Upfront Ad Sales Commitments;2024-08-21
70;Why Netflix Stock Hit an All-Time High Today;2024-08-20
71;Netflix Boosts Ad Revenue with NFL, 'Squid Game,' and New Content Deals;2024-08-20
72;Netflix Stock (NASDAQ:NFLX) Hits New High after 150% Ad Sales Jump;2024-08-20
73;Nasdaq 100 Movers: DXCM, PANW;2024-08-20
74;NFLX Quantitative Stock Analysis;2024-08-20
75;3 Reasons to Buy Disney Stock Like There's No Tomorrow;2024-08-20
76;The Zacks Analyst Blog Highlights Broadcom, Bank of America, Netflix, BK Technologies and Optex Systems;2024-08-20
77;The Zacks Analyst Blog Highlights Broadcom, Bank of America, Netflix, BK Technologies and Optex Systems;2024-08-20
78;Top Stock Reports for Broadcom, Bank of America & Netflix;2024-08-19
79;Netflix (NFLX) Releases the Trailer of A-List to Playlist;2024-08-19
80;If You Invested $1000 in Netflix 10 Years Ago, This Is How Much You'd Have Now;2024-08-19
81;Bull of the Day: Spotify Technology S.A. (SPOT);2024-08-19
82;Guru Fundamental Report for NFLX;2024-08-18
83;5 Reasons to Buy Alphabet Stock Like There's No Tomorrow;2024-08-18
84;1 Out-of-Favor Growth Stock with Almost 24% Upside Potential to Buy in August;2024-08-17
85;3 Best Mega-Cap Stocks to Buy on the Dip;2024-08-16
86;Sell These Unusually Active Put Options for Good Money by Aug. 31;2024-08-16
87;Noteworthy Friday Option Activity: ULTA, NFLX, META;2024-08-16
88;Netflix, Inc. (NFLX) Is a Trending Stock: Facts to Know Before Betting on It;2024-08-16
89;Validea Detailed Fundamental Analysis - NFLX;2024-08-16
90;"Did Netflix Just Say ""Checkmate"" to Disney? Why Investors Should Pay Attention to the Streamer's New Concept";2024-08-16
91;Comcast's (CMCSA) FreeWheel Launches Solutions for Advertisers;2024-08-15
92;Disney Stock Forecast: Is the Worst Over for DIS in 2024?;2024-08-15
93;Guru Fundamental Report for NFLX;2024-08-15
94;Wednesday's ETF with Unusual Volume: XLG;2024-08-14
95;This Media Giant Is in a Downward Spiral;2024-08-14
96;Customer Service Showdown: How Netflix and Sirius XM Handle Cancellations;2024-08-14
97;4 Broadcast Radio & TV Stocks to Watch From a Challenging Industry;2024-08-14
98;NFLX Factor-Based Stock Analysis;2024-08-14
99;Netflix Remains the Best Choice in Streaming Stocks;2024-08-14
100;Stocks Settle Higher on Favorable PPI Report;2024-08-13
101;3 Entertainment Stocks Poised for a Comeback After Last Week’s Market Meltdown;2024-08-13
102;Stocks Rally on a Muted US July PPI Report;2024-08-13
103;META, NFLX, or AMZN: Which Growth Stock Is the Best Pick?;2024-08-13
104;3 Stocks on the Rise After Stellar Q2 Earnings Results;2024-08-13
105;NFLX Quantitative Stock Analysis;2024-08-13
106;Warning: Does This 1 Change Mean Trouble for Netflix Investors?;2024-08-13
107;What's Got Super Micro Computer Investors So Down?;2024-08-12
108;Comcast (CMCSA) Falls 10.9% YTD: Should Investors Hold or Fold?;2024-08-12
109;XLC, CHTR, EA, NFLX: ETF Outflow Alert;2024-08-12
110;Billionaires Are Selling Nvidia Stock and Buying 1 Supercharged Index Fund for the Artificial Intelligence (AI) Boom;2024-08-12
111;Market Sell-Off: Is It Time to Buy the Dip on This Phenomenal Streaming Stock?;2024-08-11
112;Guru Fundamental Report for NFLX;2024-08-11
113;2 Top Tech Stocks to Buy Right Now;2024-08-11
114;Wall Street Analysts Are Bearish on This Artificial Intelligence (AI) Stock. Here's Why I'm Not.;2024-08-10
115;Time to Buy the Dip in Disney's Stock After Earnings?;2024-08-09
116;Netflix (NASDAQ:NFLX) Finds a Producer for Christmas Football;2024-08-09
117;3 Streaming Stocks Primed for Big Gains This Year;2024-08-09
118;Beyond the Earnings Dip: Should You Still Hold Amazon Stock?;2024-08-09
119;Validea Detailed Fundamental Analysis - NFLX;2024-08-09
120;Here's How to Play Disney (DIS) Post Q3 Streaming Profitability;2024-08-08
121;Guru Fundamental Report for NFLX;2024-08-08
122;How $200 Per Month Can Make You a Millionaire;2024-08-08
123;A Slow, Expensive Housing Market;2024-08-08
124;Chipotle, Spotify, UPS...Investors Review Some Big Names;2024-08-07
125;Market Rally Fizzles, Stock Indexes Turn Negative;2024-08-07
126;The Starbucks Experience Just Isn't the Same Anymore;2024-08-07
127;Dovish Bank of Japan Comments Push Stocks Higher;2024-08-07
128;Where Will Duolingo Be in 5 Years?;2024-08-07
129;NFLX Factor-Based Stock Analysis;2024-08-07
130;Meet Vanguard's 3 Hottest Sector ETFs in 2024 (and None of Them Are Tech);2024-08-07
131;Is AMD Stock a Buy?;2024-08-07
132;Paramount’s (NASDAQ:PARA) Content Sees a Popularity Boost;2024-08-06
133;What to Expect From Disney's Earnings Report;2024-08-06
134;Netflix (NFLX) Loses -12.72% in 4 Weeks, Here's Why a Trend Reversal May be Around the Corner;2024-08-06
135;Netflix (NFLX) Loses -12.72% in 4 Weeks, Here's Why a Trend Reversal May be Around the Corner;2024-08-06
136;NFLX Quantitative Stock Analysis;2024-08-06
137;Netflix (NASDAQ:NFLX) Slides, But Jefferies Analyst Says Buy;2024-08-05
138;Disney (DIS) Stock Before Q3 Earnings: To Buy or Not to Buy?;2024-08-05
139;2 Cheap Tech Stocks to Keep on Your Shopping List as the Nasdaq Eyes a Bear Market;2024-08-05
140;1 Stock I Wouldn't Touch With a 10-Foot Pole -- and Here's Why;2024-08-05
141;Investors Heavily Search Netflix, Inc. (NFLX): Here is What You Need to Know;2024-08-05
142;Guru Fundamental Report for NFLX;2024-08-04
143;Up More Than 40% Over the Last Year, Is It Time to Buy Netflix?;2024-08-03
144;Disney (NYSE:DIS) Plans Layoffs as Ad Commitments Rise;2024-08-02
145;iShares S&P 500 Growth ETF Experiences Big Inflow;2024-08-02
146;Validea Detailed Fundamental Analysis - NFLX;2024-08-02
147;Noteworthy Thursday Option Activity: META, BA, NFLX;2024-08-01
148;Here's Why Netflix (NFLX) is a Strong Growth Stock;2024-08-01
149;Here's Why Netflix (NFLX) is a Strong Growth Stock;2024-08-01
150;Are Consumer Discretionary Stocks Lagging Mattel (MAT) This Year?;2024-08-01
151;Guru Fundamental Report for NFLX;2024-08-01
152;4 Top Tech Stocks to Buy on Soaring Hopes of September Rate Cut;2024-08-01
153;Best Stock to Buy Right Now: Netflix vs. Roku;2024-08-01
154;I've Owned Netflix Stock for 22 Years -- Here's My Journey and What I've Learned;2024-08-01
155;Return of FAANG? 1 Mega-Cap Tech Stock to Buy and 2 to Avoid.;2024-07-31
156;TMUS Earnings: T-Mobile Reports Robust Q2 Results, Raises Outlook;2024-07-31
157;Is It Worth Investing in Netflix (NFLX) Based on Wall Street's Bullish Views?;2024-07-31
158;NFLX Factor-Based Stock Analysis;2024-07-31
159;7 Stocks Set for a Major Bull Run;2024-07-31
160;Wall Street Analysts Are Bullish on This Artificial Intelligence (AI) Stock. Here's Why I'm Not.;2024-07-31
161;The Zacks Analyst Blog Highlights YETI, Virco, Netflix and Reservoir Media;2024-07-31
162;Netflix Stock (NASDAQ:NFLX): Membership Growth Acceleration to Fuel Gains;2024-07-30
163;Amazon (NASDAQ:AMZN) Plays Hardball on Ad Pricing;2024-07-30
164;Inflation Decline Raises September Rate Cut Hopes: 4 Winners;2024-07-30
165;Disney Max-imizes Its Bundles;2024-07-30
166;NFLX Quantitative Stock Analysis;2024-07-30
167;3 Top Streaming Stocks Ruling The Roost;2024-07-30
168;The Zacks Analyst Blog Highlights Acme, PlayAGS, Netflix and Royal Caribbean Cruises;2024-07-30
169;3 Stocks to Buy Amid the Big Tech Tumble;2024-07-29
170;Meta Platforms Q2 Earnings Preview: Is META Stock a Buy After the Dip?;2024-07-29
171;Netflix's (NFLX) Shares Rise 29.7% YTD: Time to Buy the Stock?;2024-07-29
172;4 Stocks to Boost Your Portfolio as Q2 GDP Grows at Solid Pace;2024-07-29
173;Watch This! Netflix Stock Is About to Pop.;2024-07-29
174;Does Comcast's Theme Park Sales Drop Spell Trouble For Disney's Q3?;2024-07-28
175;Guru Fundamental Report for NFLX;2024-07-28
176;GOP VP Nominee J.D. Vance Made 1 Public Stock Trade Over the Last Year. Here's How It Worked Out for Him.;2024-07-28
177;Amazon MGM Studios Partners with Scott Stuber to Relaunch United Artists;2024-07-26
178;It's Time for Some Enthusiasm for Small-Cap Stocks;2024-07-26
179;Comcast's Earnings Report Was a Mixed Bag. With Revenue Falling, Can the Tech Giant Regain Its Footing?;2024-07-26
180;Top Stocks To Buy Today? 2 Tech Stocks In Focus;2024-07-26
181;The Zacks Analyst Blog Highlights Netflix, Wells Fargo, Comcast and AXIL Brands;2024-07-26
182;Favorite CEOs;2024-07-26
183;Validea Detailed Fundamental Analysis - NFLX;2024-07-26
184;3 Top Stocks That Could Plunge if a Recession Hits;2024-07-26
185;Netflix’s (NASDAQ:NFLX) Q2 Defied Expectations, Analysts Raise Forecasts;2024-07-26
186;Q2 Earnings Season Scorecard and Analyst Reports for Netflix, Wells Fargo & Comcast;2024-07-25
187;Netflix (NASDAQ:NFLX) Q2 Earnings Review: Growth Story Continues to Shine;2024-07-25
188;ProShares UltraPro QQQ Experiences Big Inflow;2024-07-25
189;3 Tech Stocks to Bet On for Market-Crushing Returns ;2024-07-25
190;"""Motley Fool Money"" From the Floor at FoolFest 2024";2024-07-25
191;Guru Fundamental Report for NFLX;2024-07-25
192;Netflix Stock: Buy, Sell, or Hold?;2024-07-25
193;Why Roku Stock Plunged 10.1% Today;2024-07-24
194;3 Fabulous Growth Stocks to Buy and Hold Forever;2024-07-24
195;Noteworthy Wednesday Option Activity: HA, NFLX, META;2024-07-24
196;NFLX Factor-Based Stock Analysis;2024-07-24
197;GOOG Stock Analysis: 3 Reasons Alphabet Should Spin Off YouTube;2024-07-24
198;Paramount (NASDAQ:PARA) Loses Ground in June Rankings, Shares Climb Regardless;2024-07-23
199;Here is What to Know Beyond Why Netflix, Inc. (NFLX) is a Trending Stock;2024-07-23
200;NFLX Quantitative Stock Analysis;2024-07-23
201;4 Solid Tech Stocks to Buy as S&P 500, Nasdaq Resume Rally;2024-07-23
202;1 No-Brainer Growth Stock to Buy With $650 and Hold for 10 Years;2024-07-23
203;Why Netflix Stock Topped the Market Today;2024-07-22
204;3 Tech Stock Giants Poised for Second-Half Domination;2024-07-22
205;Stocks Higher on Strength in Chip Stocks and China’s Rate Cut;2024-07-22
206;5 Idle Thoughts of a Summer's Day, Vol. 1;2024-07-22
207;Netflix Is Great, but This Stock Has More Streaming Potential;2024-07-22
208;First Week of February 2025 Options Trading For Netflix (NFLX);2024-07-22
209;2 Top Stocks That Could Outperform for the Rest of 2024;2024-07-22
210;Interpreting Netflix (NFLX) International Revenue Trends;2024-07-22
211;Zacks Investment Ideas feature highlights: Netflix Amazon, and Disney;2024-07-22
212;Guru Fundamental Report for NFLX;2024-07-21
213;As Ad-Supported Memberships Climb, Is Now a Golden Opportunity to Buy Netflix Stock?;2024-07-21
214;Will Netflix Be a Trillion-Dollar Stock by 2030?;2024-07-21
215;Netflix Stock 2025 Forecast: Can NFLX's Growth Momentum Continue?;2024-07-20
216;Netflix's Game-Changing Ideas: What Investors Need to Know;2024-07-20
217;Netflix’s (NASDAQ:NFLX) Basic Tier Coming to an End, Shareholders Displeased;2024-07-19
218;Validea Detailed Fundamental Analysis - NFLX;2024-07-19
219;Tech Selloff, Dow Rally Highlight Volatile Week;2024-07-19
220;Time to Buy Netflix Stock? Profits Surge as Subscribers Growth Accelerates;2024-07-19
221;3 Underrated AI-Leveraging Tech Stocks to Watch in 2024;2024-07-19
222;Sector Update: Consumer Stocks Fall in Afternoon Trading;2024-07-19
223;Why Netflix Stock Jumped at the Open;2024-07-19
224;Stocks Slide on a Global IT Outage and Chip Stock Weakness;2024-07-19
225;All Roads Lead to Roku as a Streaming Stock Bargain;2024-07-19
226;Stocks Lower as a Global IT Outage Disrupts Businesses;2024-07-19
227;Comcast (CMCSA) to Provide Free Access to Olympic Games;2024-07-19
228;Comcast (CMCSA) to Provide Free Access to Olympic Games;2024-07-19
229;Netflix (NFLX) Blends Action & Comedy in Mission: Cross Film;2024-07-19
230;Netflix ETFs to Buy on Robust Q2 Earnings;2024-07-19
231;Netflix (NFLX) Q2 Earnings Beat, Revenues Rise Y/Y on User Gain;2024-07-19
232;Sector Update: Consumer Stocks Mixed Premarket Friday;2024-07-19
233;Netflix Ends Basic Ad-free Plan As Solid Subscriber Growth Boosts Revenue View;2024-07-19
234;Netflix Crushed Subscriber Estimates. It's Now Setting Its Sights on a Bigger Prize.;2024-07-19
235;Bear of the Day: Hetz Global (HTZ);2024-07-19
236;Netflix (NFLX) Q2 2024 Earnings Call Transcript;2024-07-18
237;"Markets Book Profits; Netflix, Intuitive Beat Estimates in Q2";2024-07-18
238;Compared to Estimates, Netflix (NFLX) Q2 Earnings: A Look at Key Metrics;2024-07-18
239;Netflix (NFLX) Q2 Earnings and Revenues Top Estimates;2024-07-18
240;NFLX Earnings: Netflix Falls despite Stellar Q2 Results;2024-07-18
241;Netflix Inc. Q2 Profit Climbs, Beats Estimates;2024-07-18
242;"Stock Market News Today, 7/18/24 – Indices Continue Decline; Jobless Claims Miss Estimates";2024-07-18
243;After-Hours Earnings Report for July 18, 2024 : NFLX, TSM, ISRG, PPG, INFY, WAL, GBCI, AIR, INDB, MRTN, OCFC, SCHL;2024-07-18
244;Jobless Claims Increased More Than Expected;2024-07-18
245;Last Minute Thought: Mark Mahaney Weighs in on Netflix Stock Ahead of Earnings;2024-07-18
246;Jobless Claims Rise Again, D.R. Horton Posts Strong Quarter;2024-07-18
247;Jobless Claims Rise Again, D.R. Horton Posts Strong Quarter;2024-07-18
248;See Which Of The Latest 13F Filers Holds Netflix;2024-07-18
249;Guru Fundamental Report for NFLX;2024-07-18
250;Stocks Rise Before the Open as Tech Steadies, Netflix Earnings and ECB Decision in Focus;2024-07-18
251;Options Volatility and Implied Earnings Moves Today, July 18, 2024;2024-07-18
252;Netflix Q2 24 Earnings Conference Call At 4:45 PM ET;2024-07-18
253;Zacks.com featured highlights include Netflix, JPMorgan and Dycom;2024-07-18
254;Netflix Stock (NASDAQ:NFLX) Slips amid Brand Partnership Plans;2024-07-17
255;3 Best Earnings Growth Stocks to Invest in: NFLX, JPM, DY;2024-07-17
256;Notable Wednesday Option Activity: META, NFLX, AAPL;2024-07-17
257;"Netflix ""Chills"" Ahead of Earnings: Time to Buy the Streaming Giant?";2024-07-17
258;Will Disney Stock Recover and Go Back Up in 2024 as the Dow Scales Record Highs?;2024-07-17
259;ProShares UltraPro QQQ Experiences Big Outflow;2024-07-17
260;Comcast's (CMCSA) Despicable Me Animated Franchise Crosses $5B;2024-07-17
261;Zacks Investment Ideas feature highlights: Netflix and Disney;2024-07-17
262;NFLX Factor-Based Stock Analysis;2024-07-17
263;3 Unstoppable Stocks That You Can Buy and Hold for Years;2024-07-17
264;Netflix (NFLX) Pre-Earnings: Here’s What to Expect;2024-07-17
265;Can Netflix Stock Reach Record High of $780? Here’s What Morgan Stanley Expects;2024-07-16
266;Netflix Earnings: Are Shares a Buy?;2024-07-16
267;Time to Buy into Netflix's (NFLX) Growth Ahead of Q2 Earnings;2024-07-16
268;Is Netflix (NFLX) Stock a Smart Buy Before Q2 Earnings Report?;2024-07-16
269;Netflix ETFs in Focus Ahead of Q2 Earnings;2024-07-16
270;Are Consumer Discretionary Stocks Lagging Netflix (NFLX) This Year?;2024-07-16
271;Stock Market News for Jul 16, 2024;2024-07-16
272;NFLX Quantitative Stock Analysis;2024-07-16
273;NFLX Crosses Above Average Analyst Target;2024-07-16
274;2 High-Flying Stocks With Room to Run;2024-07-16
275;Earnings, Powell and Other Key Things to Watch this Week;2024-07-15
276;Paramount Has a Buyer;2024-07-15
277;Option Volatility And Earnings Report For July 15 - 19;2024-07-15
278;Dow Closes at New High as Q2 Earnings Season Heats Up;2024-07-15
279;Stock Market News Today, 7/15/24 – Indices Close Higher amid Powell’s Praise;2024-07-15
280;3 Moonshot Stocks That Could Turn $5,000 Into $25,000;2024-07-15
281;Why Netflix Stock Popped on Monday;2024-07-15
282;Q2 Earnings Parade Continues;2024-07-15
283;Pre-Markets Up as 1st Full Week of Q2 Earnings Begins;2024-07-15
284;"""Rule Breaker Investing"" Stock Pick Review: The Big One";2024-07-15
285;Netflix (NFLX) Announces Exclusive Partnership With Aki Isoyama;2024-07-15
286;Is Netflix (NFLX) a Buy as Wall Street Analysts Look Optimistic?;2024-07-15
287;Stocks Set to Open Higher After Trump Attack, Earnings and Powell Speech in Focus;2024-07-15
288;Options Volatility and Implied Earnings Moves This Week, July 15 – July 19, 2024;2024-07-15
289;Prediction: After Nvidia's Stock Split, These 3 Artificial Intelligence (AI) Companies Could Be Next;2024-07-15
290;Zacks Investment Ideas feature highlights: Taiwan Semiconductor Manufacturing and Netflix;2024-07-15
291;Sirius XM Holdings: Buy, Sell, or Hold?;2024-07-14
292;Guru Fundamental Report for NFLX;2024-07-14
293;Most Anticipated Earnings This Week – July 15, 2024;2024-07-14
294;3 Powerful Stocks Worthy of Magnificent 7 Status;2024-07-13
295;Is It Too Late to Buy Amazon Stock?;2024-07-13
296;3 Key Earnings Reports to Watch Next Week;2024-07-12
297;Why One Analyst Thinks This Blue-Chip Stock Could Climb 39%;2024-07-12
298;Record Highs Across the Board This Week;2024-07-12
299;Netflix Stock Soared in Early 2024: Here's Why;2024-07-12
300;Can Netflix Stock Hit a New All-Time High Next Week?;2024-07-12
301;Why Netflix (NFLX) is a Top Growth Stock for the Long-Term;2024-07-12
302;Netflix, Inc. (NFLX) is Attracting Investor Attention: Here is What You Should Know;2024-07-12
303;Validea Detailed Fundamental Analysis - NFLX;2024-07-12
304;3 Entertainment Stocks Dominating Streaming in 2024;2024-07-12
305;Paramount Merger Won't Solve The Biggest Problems;2024-07-12
306;Broader Equity Market Falls as Mega-Cap Tech Stocks Slump;2024-07-11
307;Boeing (NYSE:BA) Notches Up on Autonomous Aircraft Inspection Plans;2024-07-11
308;The Week Ahead: Barrage of Bank Earnings;2024-07-11
309;"Netflix Earnings Are Coming; Time for a Price Target Hike, Says Cowen";2024-07-11
310;Here's Why Netflix (NFLX) is a Strong Momentum Stock;2024-07-11
311;Guru Fundamental Report for NFLX;2024-07-11
312;The 3 Most Undervalued Streaming Stocks to Buy in July 2024;2024-07-11
313;2024: Top-Heavy, AI-Fueled, Supply-Constrained;2024-07-10
314;NFLX Factor-Based Stock Analysis;2024-07-10
315;Should You Buy Netflix Stock Before July 18?;2024-07-10
316;3 Stocks Gearing Up to Finish 2024 With a Bang;2024-07-10
317;2 Unstoppable Stocks Trading for Over $500 That Could Be the Next to Split;2024-07-10
318;3 Soaring Stocks to Hold for the Next 20 Years;2024-07-10
319;Noteworthy Tuesday Option Activity: COST, HA, NFLX;2024-07-09
320;Netflix Reports After the Close on 7/18 -- Options Contracts Expire the Next Day;2024-07-09
321;Noteworthy ETF Inflows: IVW, NFLX, V, ADBE;2024-07-09
322;NFLX Quantitative Stock Analysis;2024-07-09
323;Netflix (NFLX) Stock Slides as Market Rises: Facts to Know Before You Trade;2024-07-08
324;Investing Lessons: The 10 Best Stocks of the Past 20 Years;2024-07-08
325;Apple (AAPL) Names Brad Pitt-Starrer Formula One Movie F1;2024-07-08
326;Guru Fundamental Report for NFLX;2024-07-07
327;The Colossal Elon Musk Venture Investors Can’t Afford To Miss;2024-07-07
328;Disney Is Crazy Like a Fox in Streaming;2024-07-06
329;Warning: Does This 1 Change Mean Trouble for Netflix Investors?;2024-07-06
330;The 3 Best Streaming Stocks to Buy in July 2024;2024-07-05
331;Disney (DIS) Gains 8.5% YTD: How Should You Play the Stock in 2H?;2024-07-05
332;Disney (DIS) Gains 8.5% YTD: How Should You Play the Stock in 2H?;2024-07-05
333;Netflix (NFLX) Releases the Trailer of Elites' Final Season;2024-07-05
334;Validea Detailed Fundamental Analysis - NFLX;2024-07-05
335;Rising Margins, Ad Growth To Drive Netflix's Q2 Results, But Stock Is Expensive At $670;2024-07-05
336;Prediction: This Will Be Netflix's Next Big Move;2024-07-04
337;Netflix (NFLX) Announces Adaption of Fernando Aramburu's El nino;2024-07-04
338;Guru Fundamental Report for NFLX;2024-07-04
339;3 Incredible FAANG Stocks You'll Want to Consider Adding to Your Portfolio in July;2024-07-04
340;Buy Alert: 3 Consumer Stocks Going All In on Streaming Ads;2024-07-03
341;Warner Bros. Discovery (WBD) to Release TEEN TORTURE Docuseries;2024-07-03
342;NFLX Factor-Based Stock Analysis;2024-07-03
343;The 23 Best Stocks to Buy Now in July (2024);2024-07-03
344;Notable Tuesday Option Activity: NFLX, AAPL, META;2024-07-02
345;Apple Stock Is Incredibly Expensive. Time to Sell?;2024-07-02
346;CSSE Stock Alert: Chicken Soup for the Soul on the Brink of Death After Bankruptcy Filing;2024-07-02
347;Fox's (FOXA) Tubi Expands Its Reach in the UK Streaming Market;2024-07-02
348;Comcast (CMCSA) Expands Spanish Streaming With NOW TV Latino;2024-07-02
349;NFLX Quantitative Stock Analysis;2024-07-02
350;"""Rule Breaker Investing"" Mailbag: Talking Stocks and Options";2024-07-01
351;Netflix (NASDAQ:NFLX) Slips On Unexpected Origins of Originals;2024-07-01
352;Bull Market Buys: 2 Nasdaq Stocks to Own for the Long Run;2024-07-01
353;Company News for Jul 1, 2024;2024-07-01
354;Better Streaming Service Stock: Alphabet vs. Netflix;2024-07-01
355;1 Magnificent Stock That Turned $10,000 Into $1.5 Million in 20 Years;2024-07-01
356;Guru Fundamental Report for NFLX;2024-06-30
357;If I Could Buy Only 3 Stocks in 2024, I Would Pick These;2024-06-30
358;The Week That Was, The Week Ahead: Macro & Markets, June 30, 2024;2024-06-30
359;3 S&P 500 Stocks That Could Make Your Grandchildren Rich;2024-06-28
360;3 Tech Stocks Teetering on the Brink of Trillion-Dollar Greatness;2024-06-28
361;Brokers Suggest Investing in Netflix (NFLX): Read This Before Placing a Bet;2024-06-28
362;Validea Detailed Fundamental Analysis - NFLX;2024-06-28
363;Halfway Through 2024: Why I'm Not Panicking About the 2 Worst-Performing Growth Stocks in My Retirement Account;2024-06-28
364;Netflix (NFLX) Expands Its Production Hub in New Mexico;2024-06-28
365;Halfway Into 2024, Taiwan Semiconductor Manufacturing Remains the Most Underrated AI Stock. Here's Why.;2024-06-28
366;Netflix's Ad-Driven Surge: Impressive Growth, Pricey Stock;2024-06-27
367;Verizon (NYSE:VZ) Roaming Troubles Sting Shares;2024-06-27
368;Guru Fundamental Report for NFLX;2024-06-27
369;3 Tech Stocks That Could Make Your Grandchildren Rich;2024-06-27
370;S&P 500 Bull Market: 2 Growth Stocks to Buy in July and Hold for the Long Run;2024-06-27
371;2 Unstoppable Growth Stocks Down 35% and 16% to Buy Right Now;2024-06-27
372;NFLX Factor-Based Stock Analysis;2024-06-26
373;Can Netflix Become a Trillion-Dollar Stock by 2030?;2024-06-26
374;Netflix (NFLX) Laps the Stock Market: Here's Why;2024-06-25
375;Paramount Global (PARA) to Raise Paramount+ Subscription Prices;2024-06-25
376;NFLX Quantitative Stock Analysis;2024-06-25
377;Netflix (NASDAQ:NFLX): Advertising, Technical Struggles Don’t Hold it Back;2024-06-24
378;Notable Monday Option Activity: NFLX, ALNY, CMG;2024-06-24
379;Monday Sector Laggards: Technology & Communications, Services;2024-06-24
380;Comcast (CMCSA) Signs Deal With Starlink to Aid Connectivity;2024-06-24
381;7 Strong Buy Blue-Chip Stocks to Keep You in the Green;2024-06-24
382;Should You Invest in the First Trust Dow Jones Internet ETF (FDN)?;2024-06-24
383;QQQ ETF Update, 6/24/2024  ;2024-06-24
384;Guru Fundamental Report for NFLX;2024-06-23
385;2 Magnificent Growth Stocks That Have Outperformed the Nasdaq in 2024 and Can Keep Soaring;2024-06-23
386;The Buy List: 3 High-Growth Stocks That Wall Street Loves;2024-06-21
387;Noteworthy ETF Inflows: SPMO, JPM, NFLX, ACN;2024-06-21
388;3 Nasdaq Stocks to Buy Now: June 2024;2024-06-21
389;Why Netflix Wants to Be More Like Disney;2024-06-21
390;Why Netflix (NFLX) is a Top Momentum Stock for the Long-Term;2024-06-21
391;Validea Detailed Fundamental Analysis - NFLX;2024-06-21
392;Netflix's (NFLX) Growing Korean Content to Aid APAC Revenues;2024-06-20
393;Guru Fundamental Report for NFLX;2024-06-20
394;Cream of the Crop Part III: 3 (More) Must-Buy Stocks From IBD’s Top 50;2024-06-20
395;How Paramount (NASDAQ:PARA) Recovers from Its New Low;2024-06-19
396;GTN or NFLX: Which Is the Better Value Stock Right Now?;2024-06-19
397;Are You a Growth Investor? This 1 Stock Could Be the Perfect Pick;2024-06-19
398;Investors Heavily Search Netflix, Inc. (NFLX): Here is What You Need to Know;2024-06-19
399;NFLX Factor-Based Stock Analysis;2024-06-19
400;3 Growth Stocks Set to Dominate Through 2030;2024-06-19
401;This Streaming Stock Is in Huge Trouble;2024-06-19
402;Netflix’s (NASDAQ:NFLX) Shopping Mall Plans Boost Share Price;2024-06-18
403;La-Z-Boy (LZB) Q4 Earnings and Sales Beat Estimates, Down Y/Y;2024-06-18
404;The Zacks Analyst Blog Highlights Visa, Netflix, Adobe, Morgan Stanley and Howmet Aerospace;2024-06-18
405;NFLX Quantitative Stock Analysis;2024-06-18
406;Disney Is Having a Horror Moment;2024-06-18
407;Netflix (NFLX) Rises Higher Than Market: Key Facts;2024-06-17
408;Netflix (NFLX) Rises Higher Than Market: Key Facts;2024-06-17
409;Top Analyst Reports for Visa, Netflix & Adobe;2024-06-17
410;Notable Monday Option Activity: CMG, NFLX, AAPL;2024-06-17
411;Bragg Gaming (BRAG) Expands Czech Reach With Kings Partnership;2024-06-17
412;Netflix (NFLX) & Higher Grounds' Partner to Aid Bright Prospects;2024-06-17
413;Company News for June 17, 2024;2024-06-17
414;These 2 Consumer Discretionary Stocks Could Beat Earnings: Why They Should Be on Your Radar;2024-06-17
415;Brightcove (BCOV) Expands Customer Base by Adding FrightPix;2024-06-17
416;SoundHound AI Stock Doubles in 6 Months. Still a Buy?;2024-06-17
417;Guru Fundamental Report for NFLX;2024-06-16
418;Is It Too Late to Buy Disney Stock?;2024-06-16
419;Billionaires Are Selling Nvidia Stock and Buying 2 Magnificent Index Funds Instead;2024-06-16
420;The 3 Best Stocks to Invest In for Big Gains in 2024: June Edition;2024-06-15
421;The Best Stocks to Invest $1,000 in Right Now;2024-06-15
422;NFLX vs. SPOT: Which Streaming Stock Is the Better Buy?;2024-06-14
423;Christmas Day NFL Games Back Netflix (NASDAQ:NFLX) Into a Corner;2024-06-14
424;Is Stride (LRN) Stock Outpacing Its Consumer Discretionary Peers This Year?;2024-06-14
425;Netflix and CVS Health have been highlighted as Zacks Bull and Bear of the Day;2024-06-14
426;Validea Detailed Fundamental Analysis - NFLX;2024-06-14
427;The 3 Best AI Stocks to Buy for 100% Returns by 2030: June Edition;2024-06-14
428;The 3 Top-Performing Dividend Stocks So Far in June 2024;2024-06-14
429;Will Netflix Reach a Trillion-Dollar Market Cap by 2035?;2024-06-14
430;The Zacks Analyst Blog Highlights Stocks recently featured in the blog include: Hasbro, Crocs, Lifetime Brands, Netflix and Royal Caribbean Cruises;2024-06-14
431;The Zacks Analyst Blog Highlights Stocks recently featured in the blog include: NVIDIA, Alphabet, Netflix, Coinbase and Micron Technology;2024-06-14
432;Bull of the Day: Netflix (NFLX);2024-06-14
433;Netflix’s (NASDAQ:NFLX) Expansion into Sports Gets a Little Odd;2024-06-13
434;3 Stocks Under $10 Set to Quadruple by 2025: June Edition;2024-06-13
435;5 Discretionary Stocks to Buy as Inflation Continues to Ease;2024-06-13
436;Here's Why Investors Should Retain Vail Resorts (MTN) Stock;2024-06-13
437;Notable ETF Inflow Detected - XLG, JPM, NFLX, CVX;2024-06-13
438;Las Vegas Sands' (LVS) Macao Business to Aid Amid High Debt;2024-06-13
439;Lindblad Expeditions (LIND) to Expand Operations With New Vessels;2024-06-13
440;Fed Indicates One Rate Cut in 2024: 5 Long-Term Picks;2024-06-13
441;Guru Fundamental Report for NFLX;2024-06-13
442;The Zacks Analyst Blog Highlights Netflix, Royal Caribbean Cruises, Roblox, Skechers and SharkNinja;2024-06-13
443;The Zacks Analyst Blog Highlights NVIDIA, Apple, Netflix and Broadcom;2024-06-13
444;SONY, DIS: Which Multimedia Stock Is the Better Buy?;2024-06-12
445;3 Small-Cap Stocks Set To Skyrocket;2024-06-12
446;Choice Hotels' (CHH) Everhome Suites Expands in Lexington;2024-06-12
447;3 Unshakeable Stocks to Buy for Slowing U.S. Growth;2024-06-12
448;3 Stocks Quietly Preparing for a 10X Surge: June Edition;2024-06-12
449;Is It Worth Investing in Netflix (NFLX) Based on Wall Street's Bullish Views?;2024-06-12
450;AI Optimism Powers Nasdaq to Hit Fresh All-Time High: 5 Picks;2024-06-12
451;Netflix Stock Analysis: Cash Cow Today, But Uncertain Outlook for Tomorrow;2024-06-12
452;Academy Sports (ASO) Q1 Earnings & Revenues Lag Estimates;2024-06-12
453;5 Consumer Discretionary Stocks to Buy Despite Sector's Weak Run;2024-06-12
454;NFLX Factor-Based Stock Analysis;2024-06-12
455;The 3 Best Stocks to Buy Now for the Long Term: June 2024;2024-06-12
456;Zacks Investment Ideas feature highlights: Nvidia, Netflix and Alphabet;2024-06-12
457;7 Recession-Proof Stocks to Buy Now for Peace of Mind;2024-06-11
458;If You'd Invested $10,000 in Netflix Stock 12 Years Ago, Here's How Much You'd Have Today;2024-06-11
459;3 Powerful Examples of the Zacks Rank: Nvidia, Netflix, Alphabet;2024-06-11
460;Here's Why Investors Must Retain Hyatt (H) Stock for Now;2024-06-11
461;Peloton (PTON), YMCA Partnership to Offer Fitness Services;2024-06-11
462;Academy Sports (ASO) Partners With DoorDash for On-Demand Delivery;2024-06-11
463;NFLX Quantitative Stock Analysis;2024-06-11
464;Netflix (NFLX) Beats Stock Market Upswing: What Investors Need to Know;2024-06-10
465;2 Spectacular Growth Stocks You Can Buy Now and Hold Forever;2024-06-10
466;Nokia CEO Makes First 3D Spatial Audio Phone Call;2024-06-10
467;PowerSchool (PWSC) to be Acquired by Bain Capital for $5.6B;2024-06-10
468;Brightcove (BCOV) Boosts Customer Base With the Addition of JCOM;2024-06-10
469;Virco's (VIRC) Shares Gain on Q1 Earnings & Net Sales Beat;2024-06-10
470;Guru Fundamental Report for NFLX;2024-06-09
471;Want $1 Million in Retirement? Investing $10,000 in Each of These 2 Stocks for the Long Term Could Help You on Your Way;2024-06-08
472;Netflix (NASDAQ:NFLX) Retools Its TV App, Investors Unenthused;2024-06-07
473;Consumer Sector Update for 06/07/2024: SKX, NFLX, GME, SAVE;2024-06-07
474;Netflix To Introduce New Layout Design For TV App;2024-06-07
475;Notable Friday Option Activity: NFLX, CVNA, FLNG;2024-06-07
476;Choice Hotels' (CHH) Everhome Suites Expands With 3 New Hotels;2024-06-07
477;Here is What to Know Beyond Why Netflix, Inc. (NFLX) is a Trending Stock;2024-06-07
478;Here is What to Know Beyond Why Netflix, Inc. (NFLX) is a Trending Stock;2024-06-07
479;Here's Why Investors Should Hold Marriott Vacations (VAC) for Now;2024-06-07
480;Validea Detailed Fundamental Analysis - NFLX;2024-06-07
481;Netflix (NFLX) Stock News: Key Insights for Investors;2024-06-07
482;Here’s How Netflix (NASDAQ:NFLX) Stock Could Hit a New Record;2024-06-06
483;Netflix (NFLX) Crossed Above the 20-Day Moving Average: What That Means for Investors;2024-06-06
484;Netflix (NFLX) Crossed Above the 20-Day Moving Average: What That Means for Investors;2024-06-06
485;Zacks Investment Ideas feature highlights: Carvana, Nvidia, GameStop and Netflix;2024-06-06
486;Victoria's Secret (VSCO) Q1 Earnings & Revenues Top Estimates;2024-06-06
487;If You Invested $1000 in Netflix a Decade Ago, This is How Much It'd Be Worth Now;2024-06-06
488;Guru Fundamental Report for NFLX;2024-06-06
489;3 Up-and-Coming Media Stocks Set to Shake Up the Sector;2024-06-06
490;Is It Too Late to Buy Netflix Stock?;2024-06-06
491;My Top Stocks to Buy in June;2024-06-05
492;Notable ETF Inflow Detected - IGM, GOOG, NFLX, QCOM;2024-06-05
493;10 Principles to Fast-Track Profitable Investing;2024-06-05
494;Here's Why Investors Should Retain Carnival (CCL) Stock Now;2024-06-05
495;Hasbro (HAS) Up 20% in 6 Months: What's Driving the Stock?;2024-06-05
496;The Zacks Rank Explained: How to Find Strong Buy Consumer Discretionary Stocks;2024-06-05
497;NFLX Factor-Based Stock Analysis;2024-06-05
498;3 Cheap Entertainment Stocks Just Starting to Take Off ;2024-06-05
499;Netflix (NFLX) Stock Falls Amid Market Uptick: What Investors Need to Know;2024-06-04
